{"cameraMode":{"drawMode":0,"name":"Shaded","section":"Shading Mode"},"sceneLighting":true,"audioPlay":false,"sceneViewState":{"showFog":true,"showMaterialUpdate":true,"showSkybox":true,"showFlares":true,"showImageEffects":true,"showParticleSystems":true},"in2DMode":false,"pivot":{"x":1.1000001430511475,"y":0.0000010132789611816407,"z":0.0},"rotation":{"x":0.5386223196983337,"y":0.004552636761218309,"z":-0.002910326002165675,"w":0.8425299525260925},"size":5.415792465209961,"orthographic":false}