{"cameraMode":{"drawMode":0,"name":"Shaded","section":"Shading Mode"},"sceneLighting":true,"audioPlay":false,"sceneViewState":{"showFog":true,"showMaterialUpdate":true,"showSkybox":true,"showFlares":true,"showImageEffects":true,"showParticleSystems":true},"in2DMode":false,"pivot":{"x":0.0009652585722506046,"y":0.004610776901245117,"z":0.11925120651721955},"rotation":{"x":0.687337338924408,"y":-0.002182590775191784,"z":0.0020653721876442434,"w":0.7263321280479431},"size":3.6157917976379396,"orthographic":false}