{"cameraMode":{"drawMode":0,"name":"Shaded","section":"Shading Mode"},"sceneLighting":true,"audioPlay":false,"sceneViewState":{"showFog":true,"showMaterialUpdate":true,"showSkybox":true,"showFlares":true,"showImageEffects":true,"showParticleSystems":true},"in2DMode":false,"pivot":{"x":3.687253475189209,"y":-16.294525146484376,"z":12.40291976928711},"rotation":{"x":-0.46604207158088686,"y":0.004509984981268644,"z":-0.002375621348619461,"w":-0.8847478628158569},"size":28.315834045410158,"orthographic":false}